Date,Time,"Virtual Memory Commited [MB]","Virtual Memory Available [MB]","Virtual Memory Load [%]","Physical Memory Used [MB]","Physical Memory Available [MB]","Physical Memory Load [%]","Page File Usage [%]","Core 0 VID [V]","Core 1 VID [V]","Core 2 VID [V]","Core 3 VID [V]","Core 0 Clock [MHz]","Core 1 Clock [MHz]","Core 2 Clock [MHz]","Core 3 Clock [MHz]","Bus Clock [MHz]","Ring/LLC Clock [MHz]","System Agent Clock [MHz]","Core 0 T0 Effective Clock [MHz]","Core 0 T1 Effective Clock [MHz]","Core 1 T0 Effective Clock [MHz]","Core 1 T1 Effective Clock [MHz]","Core 2 T0 Effective Clock [MHz]","Core 2 T1 Effective Clock [MHz]","Core 3 T0 Effective Clock [MHz]","Core 3 T1 Effective Clock [MHz]","Average Effective Clock [MHz]","Core 0 T0 Usage [%]","Core 0 T1 Usage [%]","Core 1 T0 Usage [%]","Core 1 T1 Usage [%]","Core 2 T0 Usage [%]","Core 2 T1 Usage [%]","Core 3 T0 Usage [%]","Core 3 T1 Usage [%]","Max CPU/Thread Usage [%]","Total CPU Usage [%]","On-Demand Clock Modulation [%]","Core 0 Ratio [x]","Core 1 Ratio [x]","Core 2 Ratio [x]","Core 3 Ratio [x]","Uncore Ratio [x]","Core 0 [°C]","Core 1 [°C]","Core 2 [°C]","Core 3 [°C]","Core 0 Distance to TjMAX [°C]","Core 1 Distance to TjMAX [°C]","Core 2 Distance to TjMAX [°C]","Core 3 Distance to TjMAX [°C]","CPU Package [°C]","Core Max [°C]","Core 0 Thermal Throttling [Yes/No]","Core 1 Thermal Throttling [Yes/No]","Core 2 Thermal Throttling [Yes/No]","Core 3 Thermal Throttling [Yes/No]","Core 0 Critical Temperature [Yes/No]","Core 1 Critical Temperature [Yes/No]","Core 2 Critical Temperature [Yes/No]","Core 3 Critical Temperature [Yes/No]","Core 0 Power Limit Exceeded [Yes/No]","Core 1 Power Limit Exceeded [Yes/No]","Core 2 Power Limit Exceeded [Yes/No]","Core 3 Power Limit Exceeded [Yes/No]","Package/Ring Thermal Throttling [Yes/No]","Package/Ring Critical Temperature [Yes/No]","Package/Ring Power Limit Exceeded [Yes/No]","CPU Package [°C]","CPU IA Cores [°C]","CPU GT Cores (Graphics) [°C]","IA Voltage Offset [V]","GT (Slice) Voltage Offset [V]","CLR (CBo/LLC/Ring) Voltage Offset [V]","GT (Unslice) Voltage Offset [V]","Uncore/SA Voltage Offset [V]","CPU Package Power [W]","IA Cores Power [W]","GT Cores Power [W]","Total DRAM Power [W]","System Agent Power [W]","Rest-of-Chip Power [W]","PL1 Power Limit [W]","PL2 Power Limit [W]","GPU D3D Usage [%]","GPU GT Usage [%]","GPU Media Engine Usage [%]","GPU Video Decode 0 Usage [%]","GPU Video Decode 1 Usage [%]","GPU Video Processing 0 Usage [%]","GPU D3D Memory Dynamic [MB]","Current cTDP Level []","Package C2 Residency [%]","Package C3 Residency [%]","Core 0 T0 C0 Residency [%]","Core 0 T1 C0 Residency [%]","Core 1 T0 C0 Residency [%]","Core 1 T1 C0 Residency [%]","Core 2 T0 C0 Residency [%]","Core 2 T1 C0 Residency [%]","Core 3 T0 C0 Residency [%]","Core 3 T1 C0 Residency [%]","Core 0 C3 Residency [%]","Core 1 C3 Residency [%]","Core 2 C3 Residency [%]","Core 3 C3 Residency [%]","Core 0 C7 Residency [%]","Core 1 C7 Residency [%]","Core 2 C7 Residency [%]","Core 3 C7 Residency [%]","Memory Clock [MHz]","Memory Clock Ratio [x]","Tcas [T]","Trcd [T]","Trp [T]","Tras [T]","Trfc [T]","Command Rate [T]","IA: PROCHOT [Yes/No]","IA: Thermal Event [Yes/No]","IA: DDR RAPL [Yes/No]","IA: PCS (PECI) [Yes/No]","IA: Residency State Regulation [Yes/No]","IA: Running Average Thermal Limit [Yes/No]","IA: VR Thermal Alert [Yes/No]","IA: VR TDC [Yes/No]","IA: Electrical Design Point/Other (ICCmax,PL4,SVID,DDR RAPL) [Yes/No]","IA: Package-Level RAPL/PBM PL1 [Yes/No]","IA: Package-Level RAPL/PBM PL2,PL3 [Yes/No]","IA: Max Turbo Limit [Yes/No]","IA: Turbo Attenuation (MCT) [Yes/No]","GT: Thermal Event [Yes/No]","GT: DDR RAPL [Yes/No]","IA: Thermal Velocity Boost [Yes/No]","GT: Residency State Regulation [Yes/No]","GT: Running Average Thermal Limit [Yes/No]","GT: VR Thermal Alert [Yes/No]","GT: VR TDC [Yes/No]","GT: Max VR Voltage, ICCmax, PL4 [Yes/No]","GT: Domain-Level PBM PLGT [Yes/No]","GT: Package-Level RAPL/PBM PL1 [Yes/No]","GT: Package-Level RAPL/PBM PL2,PL3 [Yes/No]","GT: Inefficient Operation [Yes/No]","GT: Fuses limit [Yes/No]","RING: VR Thermal Alert [Yes/No]","RING: VR TDC [Yes/No]","RING: Max VR Voltage, ICCmax, PL4 [Yes/No]","RING: Package-Level RAPL/PBM PL1 [Yes/No]","RING: Package-Level RAPL/PBM PL2,PL3 [Yes/No]","CPU [°C]","PCH Temperature [°C]","Drive Temperature [°C]","Drive Remaining Life [%]","Drive Failure [Yes/No]","Drive Warning [Yes/No]","Total Host Writes [GB]","Total Host Reads [GB]","Read Activity [%]","Write Activity [%]","Total Activity [%]","Read Rate [MB/s]","Write Rate [MB/s]","Read Total [MB]","Write Total [MB]","GPU Temperature [°C]","GPU Core Voltage [V]","GPU Core (NVVDD) Input Voltage [V]","GPU Input PP Source Voltage [V]","GPU Power [W]","GPU Core (NVVDD) Input Power [W]","GPU Input PP Source Power [W]","GPU PCIe +3.3V Input Power (est) [W]","GPU Misc1 Input Power (sum) [W]","GPU Core (NVVDD) Output Power [W]","GPU Clock [MHz]","GPU Memory Clock [MHz]","GPU Video Clock [MHz]","GPU Effective Clock [MHz]","GPU Core Load [%]","GPU Memory Controller Load [%]","GPU Video Engine Load [%]","GPU Bus Load [%]","GPU Memory Usage [%]","GPU D3D Usage [%]","GPU Video Decode 0 Usage [%]","GPU Video Encode 0 Usage [%]","GPU Computing (Compute_0) Usage [%]","GPU Computing (Compute_1) Usage [%]","GPU VR Usage [%]","Performance Limit - Power [Yes/No]","Performance Limit - Thermal [Yes/No]","Performance Limit - Reliability Voltage [Yes/No]","Performance Limit - Max Operating Voltage [Yes/No]","Performance Limit - Utilization [Yes/No]","Performance Limit - SLI GPUBoost Sync [Yes/No]","GPU Memory Allocated [MB]","GPU D3D Memory Dedicated [MB]","GPU D3D Memory Dynamic [MB]","PCIe Link Speed [GT/s]","Battery Voltage [V]","Remaining Capacity [Wh]","Charge Level [%]","Wear Level [%]","Framerate [FPS]","Framerate 1% Low [FPS]","Framerate 0.1% Low [FPS]","Total DL [MB]","Total UP [MB]","Current DL rate [KB/s]","Current UP rate [KB/s]","Total DL [MB]","Total UP [MB]","Current DL rate [KB/s]","Current UP rate [KB/s]","Total Errors []","iGPU VID [V]","GPU Clock [MHz]",
10.2.2021,13:33:37.199,14574,2549,85.1,6877,1165,85.5,7.6,1.220,1.221,1.220,1.219,3991.2,3991.2,3991.2,3991.2,99.8,3691.9,997.8,2822.6,2482.6,2718.0,2422.3,2668.5,2462.7,2621.6,2514.5,2589.1,70.9,61.8,63.3,53.4,65.6,58.0,64.1,64.1,70.9,62.7,100.0,40.0,40.0,40.0,40.0,37.0,74,71,70,71,26,29,30,29,74,74,No,No,No,No,No,No,No,No,No,No,No,No,No,No,No,73,73,60,0.000,0.000,0.000,0.000,0.000,35.727,28.647,2.851,1.731,1.624,2.637,70.000,90.000,46.2,42.5,41.7,0.0,0.0,0.0,204,0,0.0,0.0,70.7,62.2,68.1,60.7,66.9,61.7,65.7,63.0,0.0,0.0,0.0,0.0,0.0,0.0,0.0,0.0,1330.4,13.33,19,19,19,43,467,2,No,No,No,No,No,No,No,No,No,No,No,Yes,No,No,No,No,No,No,No,No,No,No,No,No,No,No,No,No,No,No,No,73.0,61.0,42,99.0,No,No,5299,6186,1.1,0.0,1.2,0.875,0.206,12649,8682,57,0.644,20.026,19.986,25.313,8.972,21.405,3.300,16.327,4.323,945.0,1500.2,870.0,880.1,57.0,8.0,0.0,14.0,55.9,2.6,0.0,0.0,0.0,0.0,0.0,No,No,No,No,Yes,No,3433,3287,1117,8.0,15.677,58.334,100.0,11.6,86,1,1,323,9,0.000,0.000,0,0,0.000,0.000,0,1.060,1047.7,
10.2.2021,13:33:39.239,14578,2544,85.1,6882,1160,85.5,7.6,1.224,1.219,1.219,1.219,3991.2,3991.2,3991.2,3991.2,99.8,3691.9,997.8,2875.3,2545.3,2775.9,2467.2,2781.1,2463.1,2645.4,2538.9,2636.5,64.8,61.0,62.5,58.7,60.3,58.0,60.3,59.5,64.8,60.6,100.0,40.0,40.0,40.0,40.0,37.0,75,72,71,70,25,28,29,30,75,75,No,No,No,No,No,No,No,No,No,No,No,No,No,No,No,75,75,60,0.000,0.000,0.000,0.000,0.000,35.482,29.261,2.131,1.700,1.627,2.496,70.000,90.000,26.3,32.8,32.0,0.0,0.0,0.0,204,0,0.0,0.0,72.1,63.8,69.6,61.8,69.7,61.7,66.3,63.6,0.0,0.0,0.0,0.0,0.0,0.0,0.0,0.0,1330.4,13.33,19,19,19,43,467,2,No,No,No,No,No,No,No,No,No,No,No,Yes,No,No,No,No,No,No,No,No,No,No,No,No,No,No,No,No,No,No,No,73.0,60.0,41,99.0,No,No,5299,6186,0.1,0.0,0.1,0.209,0.163,12650,8683,60,1.050,19.991,19.914,50.110,31.526,46.301,3.300,18.663,10.813,1875.0,1500.2,1740.0,1630.7,56.0,7.0,0.0,14.0,55.9,2.2,0.0,0.0,0.0,0.0,0.0,No,No,No,No,Yes,No,3433,3287,1117,8.0,15.677,58.334,100.0,11.6,112,1,1,323,9,0.102,0.060,0,0,0.000,0.000,0,0.000,0.0,
10.2.2021,13:33:41.343,14581,2541,85.1,6886,1156,85.6,7.6,1.217,1.215,1.215,1.215,3989.2,3989.2,3989.2,3989.2,99.7,3690.0,997.3,3383.6,3293.1,3358.8,3242.5,3327.6,3271.1,3359.1,3288.0,3315.5,85.6,81.0,81.0,78.7,76.5,82.5,84.0,78.7,85.6,81.0,100.0,40.0,40.0,40.0,40.0,37.0,76,75,75,72,24,25,25,28,76,76,No,No,No,No,No,No,No,No,No,No,No,No,No,No,No,76,76,60,0.000,0.000,0.000,0.000,0.000,38.736,33.870,1.062,1.887,1.685,2.154,70.000,90.000,20.4,17.1,16.6,0.0,0.0,0.0,204,0,0.0,0.0,84.8,82.5,84.2,81.3,83.4,82.0,84.2,82.4,0.0,0.0,0.0,0.0,0.0,0.0,0.0,0.0,1329.7,13.33,19,19,19,43,467,2,No,No,No,No,No,No,No,No,No,No,No,Yes,No,No,No,No,No,No,No,No,No,No,No,No,No,No,No,No,No,No,No,75.0,61.0,42,99.0,No,No,5299,6186,0.8,0.1,0.9,0.762,0.368,12651,8683,64,0.906,19.856,19.776,78.847,56.352,75.089,3.300,22.654,28.859,1740.0,1500.2,1605.0,1687.6,98.0,30.0,0.0,13.0,55.9,7.6,0.0,0.0,0.0,4.6,0.0,Yes,No,No,No,No,No,3433,3287,1117,8.0,15.677,58.334,100.0,11.6,76,1,1,323,9,2.586,0.350,0,0,0.000,0.000,0,0.000,0.0,
10.2.2021,13:33:43.422,14562,2560,85.0,6879,1163,85.5,7.6,1.224,1.214,1.215,1.212,3991.2,3991.2,3991.2,3991.2,99.8,3691.9,997.8,3362.0,3215.5,3270.4,3175.0,3252.8,3201.7,3262.1,3205.9,3243.2,85.7,85.7,80.4,85.7,86.4,85.7,84.2,83.4,86.4,84.6,100.0,40.0,40.0,40.0,40.0,37.0,77,78,78,77,23,22,22,23,77,78,No,No,No,No,No,No,No,No,No,No,No,No,No,No,No,78,78,61,0.000,0.000,0.000,0.000,0.000,38.600,33.788,1.003,1.875,1.685,2.151,55.000,90.000,21.7,16.1,15.6,0.0,0.0,0.0,204,0,0.0,0.0,84.3,80.6,82.0,79.6,81.5,80.2,81.7,80.3,0.0,0.0,0.0,0.0,0.0,0.0,0.0,0.0,1330.4,13.33,19,19,19,43,467,2,No,No,No,No,No,No,No,No,No,No,No,Yes,No,No,No,No,No,No,No,No,No,No,No,No,No,No,No,No,No,No,No,75.0,61.0,42,99.0,No,No,5299,6186,0.3,0.0,0.3,0.409,0.039,12652,8683,65,0.900,19.856,19.778,78.885,55.716,74.484,3.300,22.667,29.515,1710.0,1500.2,1590.0,1668.4,99.0,30.0,0.0,14.0,55.9,10.8,0.0,0.0,0.0,4.3,0.0,Yes,No,No,No,No,No,3433,3287,1117,8.0,15.677,58.334,100.0,11.6,76,1,1,323,9,0.100,0.000,0,0,0.000,0.000,0,1.060,1047.7,
10.2.2021,13:33:45.494,14566,2556,85.0,6878,1164,85.5,7.6,1.222,1.223,1.216,1.216,3992.2,3992.2,3992.2,3992.2,99.8,3692.8,998.1,3308.8,3227.8,3340.3,3189.0,3256.4,3139.0,3206.3,3200.8,3233.5,80.4,78.9,85.7,79.6,79.6,75.9,78.9,75.9,85.7,79.4,100.0,40.0,40.0,40.0,40.0,37.0,75,74,75,76,25,26,25,24,75,76,No,No,No,No,No,No,No,No,No,No,No,No,No,No,No,78,78,61,0.000,0.000,0.000,0.000,0.000,38.998,34.186,1.001,1.860,1.685,2.148,55.000,90.000,17.4,16.1,15.6,0.0,0.0,0.0,204,0,0.0,0.0,83.0,80.9,83.7,79.9,81.6,78.7,80.4,80.2,0.0,0.0,0.0,0.0,0.0,0.0,0.0,0.0,1330.7,13.33,19,19,19,43,467,2,No,No,No,No,No,No,No,No,No,No,No,Yes,No,No,No,No,No,No,No,No,No,No,No,No,No,No,No,No,No,No,No,77.0,61.0,42,99.0,No,No,5299,6186,0.2,0.0,0.3,0.246,0.053,12653,8684,65,0.875,19.847,19.765,80.169,57.775,76.391,3.300,22.518,28.956,1680.0,1500.2,1560.0,1656.0,99.0,29.0,0.0,14.0,55.9,11.7,0.0,0.0,0.0,3.4,0.0,Yes,No,No,No,No,No,3433,3287,1117,8.0,15.677,58.334,100.0,11.6,74,1,1,323,9,4.374,1.326,0,0,0.000,0.000,0,0.000,0.0,
10.2.2021,13:33:47.539,14566,2556,85.0,6876,1165,85.5,7.6,1.216,1.219,1.211,1.210,3991.2,3991.2,3991.2,3991.2,99.8,3691.9,997.8,3072.2,3021.8,3090.3,2933.7,3017.5,2905.7,2978.8,2984.1,3000.5,72.1,75.9,77.4,69.9,73.6,72.1,72.1,73.6,77.4,73.3,100.0,40.0,40.0,40.0,40.0,37.0,77,76,76,75,23,24,24,25,77,77,No,No,No,No,No,No,No,No,No,No,No,No,No,No,No,79,79,62,0.000,0.000,0.000,0.000,0.000,37.068,32.346,0.943,1.788,1.674,2.136,70.000,80.000,16.2,14.9,14.5,0.0,0.0,0.0,204,0,0.0,0.0,77.2,75.8,77.5,73.6,75.7,72.8,74.7,74.8,0.0,0.0,0.0,0.0,0.0,0.0,0.0,0.0,1330.4,13.33,19,19,19,43,467,2,No,No,No,No,No,No,No,No,No,No,No,Yes,No,No,No,No,No,No,No,No,No,No,No,No,No,No,No,No,No,No,No,76.0,60.0,41,99.0,No,No,5299,6186,0.3,0.0,0.4,1.352,0.079,12655,8684,66,0.863,19.864,19.788,79.419,56.810,75.668,3.300,22.763,28.852,1680.0,1500.2,1560.0,1634.5,99.0,31.0,0.0,14.0,55.9,11.8,0.0,0.0,0.0,3.8,0.0,Yes,No,No,No,No,No,3433,3287,1117,8.0,15.677,58.334,100.0,11.6,69,1,1,323,9,0.102,0.000,0,0,0.000,0.000,0,0.000,0.0,
10.2.2021,13:33:49.605,14567,2555,85.0,6869,1172,85.4,7.6,1.213,1.214,1.216,1.216,3991.2,3991.2,3991.2,3991.2,99.8,3691.9,997.8,3092.4,2983.7,3085.3,2926.5,3052.0,2929.5,3007.5,2983.8,3007.6,73.2,73.2,76.3,65.6,72.5,71.7,74.8,72.5,76.3,72.5,100.0,40.0,40.0,40.0,40.0,37.0,78,78,77,76,22,22,23,24,78,78,No,No,No,No,No,No,No,No,No,No,No,No,No,No,No,77,77,62,0.000,0.000,0.000,0.000,0.000,37.341,32.625,0.941,1.786,1.668,2.135,45.000,80.000,17.0,15.0,14.5,0.0,0.0,0.0,204,0,0.0,0.0,77.7,74.8,77.4,73.4,76.5,73.5,75.4,74.8,0.0,0.0,0.0,0.0,0.0,0.0,0.0,0.0,1330.4,13.33,19,19,19,43,467,2,No,No,No,No,No,No,No,No,No,No,No,Yes,No,No,No,No,No,No,No,No,No,No,No,No,No,No,No,No,No,No,No,77.0,60.0,41,99.0,No,No,5299,6186,0.7,0.0,0.7,3.594,0.041,12662,8684,66,0.875,19.868,19.781,79.748,56.822,75.958,3.300,23.045,29.916,1650.0,1500.2,1530.0,1639.5,99.0,31.0,0.0,14.0,55.9,12.2,0.0,0.0,0.0,3.6,0.0,Yes,No,No,No,No,No,3433,3287,1117,8.0,15.677,58.334,100.0,11.6,71,1,1,323,9,0.000,0.060,0,0,0.000,0.000,0,0.000,0.0,
10.2.2021,13:33:51.676,14567,2555,85.0,6869,1173,85.4,7.6,1.215,1.218,1.218,1.214,3989.2,3989.2,3989.2,3989.2,99.7,3690.0,997.3,3133.4,3020.1,3146.8,2945.5,3078.2,3038.8,3120.6,2992.1,3059.4,75.0,72.7,71.2,69.6,68.9,71.2,72.7,71.9,75.0,71.6,100.0,40.0,40.0,40.0,40.0,37.0,76,77,76,75,24,23,24,25,77,77,No,No,No,No,No,No,No,No,No,No,No,No,No,No,No,78,78,63,0.000,0.000,0.000,0.000,0.000,37.844,33.100,0.982,1.806,1.663,2.139,45.000,80.000,17.4,15.6,15.1,0.0,0.0,0.0,204,0,0.0,0.0,78.7,75.7,78.9,73.8,77.2,76.2,78.2,75.0,0.0,0.0,0.0,0.0,0.0,0.0,0.0,0.0,1329.7,13.33,19,19,19,43,467,2,No,No,No,No,No,No,No,No,No,No,No,Yes,No,No,No,No,No,No,No,No,No,No,No,No,No,No,No,No,No,No,No,78.0,61.0,41,99.0,No,No,5299,6186,0.8,0.2,1.0,1.926,0.346,12666,8684,67,0.881,19.881,19.792,78.422,55.428,74.637,3.300,23.110,28.459,1680.0,1500.2,1560.0,1650.5,99.0,31.0,0.0,14.0,55.9,12.4,0.0,0.0,0.0,3.7,0.0,Yes,No,No,No,No,No,3433,3287,1117,8.0,15.677,58.334,100.0,11.6,74,1,1,323,9,0.000,0.000,0,0,0.000,0.000,0,0.000,0.0,
10.2.2021,13:33:53.741,14565,2557,85.0,6875,1167,85.4,7.6,1.215,1.216,1.218,1.220,3989.2,3989.2,3989.2,3989.2,99.7,3690.0,997.3,3067.6,2974.9,3107.8,2940.9,3043.2,2907.9,3007.1,2953.4,3000.3,76.6,71.4,73.6,69.9,75.9,70.6,69.9,76.6,76.6,73.1,100.0,40.0,40.0,40.0,40.0,37.0,80,80,80,75,20,20,20,25,80,80,No,No,No,No,No,No,No,No,No,No,No,No,No,No,No,80,80,63,0.000,0.000,0.000,0.000,0.000,37.187,32.427,0.987,1.791,1.660,2.137,47.000,80.000,17.2,15.5,15.0,0.0,0.0,0.0,204,0,0.0,0.0,77.1,74.6,78.0,73.7,76.3,72.9,75.4,74.0,0.0,0.0,0.0,0.0,0.0,0.0,0.0,0.0,1329.7,13.33,19,19,19,43,467,2,No,No,No,No,No,No,No,No,No,No,No,Yes,No,No,No,No,No,No,No,No,No,No,No,No,No,No,No,No,No,No,No,77.0,61.0,42,99.0,No,No,5299,6186,1.1,0.0,1.1,3.770,0.061,12673,8685,67,0.894,19.865,19.781,79.744,57.449,75.980,3.300,22.421,29.318,1680.0,1500.2,1560.0,1653.2,99.0,29.0,0.0,14.0,55.9,12.5,0.0,0.0,0.0,4.3,0.0,Yes,No,No,No,No,No,3433,3287,1117,8.0,15.677,58.334,100.0,11.6,74,1,1,323,9,0.101,0.000,0,0,0.000,0.000,0,0.000,0.0,
10.2.2021,13:33:55.801,14567,2555,85.0,6870,1172,85.4,7.6,1.214,1.220,1.215,1.215,3991.2,3991.2,3991.2,3991.2,99.8,3691.9,997.8,3037.5,2952.8,3027.1,2871.5,3015.2,2858.4,3007.5,2923.1,2961.6,71.2,71.2,70.4,71.9,67.4,69.6,69.6,71.9,71.9,70.4,100.0,40.0,40.0,40.0,40.0,37.0,81,76,78,76,19,24,22,24,81,81,No,No,No,No,No,No,No,No,No,No,No,No,No,No,No,79,79,64,0.000,0.000,0.000,0.000,0.000,37.318,32.667,0.902,1.759,1.652,2.129,47.000,80.000,16.4,14.3,13.9,0.0,0.0,0.0,204,0,0.0,0.0,76.4,74.1,75.9,72.0,75.6,71.7,75.4,73.3,0.0,0.0,0.0,0.0,0.0,0.0,0.0,0.0,1330.4,13.33,19,19,19,43,467,2,No,No,No,No,No,No,No,No,No,No,No,Yes,No,No,No,No,No,No,No,No,No,No,No,No,No,No,No,No,No,No,No,78.0,60.0,41,99.0,No,No,5299,6186,0.9,0.0,0.9,2.576,0.013,12679,8685,68,0.863,19.879,19.786,78.152,55.324,74.356,3.300,22.928,26.264,1665.0,1500.2,1545.0,1634.8,99.0,29.0,0.0,13.0,55.9,11.8,0.0,0.0,0.0,4.5,0.0,Yes,No,No,No,No,No,3433,3288,1117,8.0,15.677,58.334,100.0,11.6,70,1,1,323,9,0.000,0.000,0,0,0.000,0.000,0,1.060,1047.7,
10.2.2021,13:33:57.868,14566,2556,85.0,6868,1174,85.3,7.6,1.215,1.219,1.226,1.226,3989.2,3989.2,3989.2,3989.2,99.7,3690.0,997.3,2955.5,2919.3,3013.9,2808.0,2914.8,2803.0,2891.3,2871.9,2897.2,75.0,75.0,73.4,71.2,68.9,66.6,71.9,70.4,75.0,71.5,100.0,40.0,40.0,40.0,40.0,37.0,81,79,79,77,19,21,21,23,81,81,No,No,No,No,No,No,No,No,No,No,No,No,No,No,No,79,79,63,0.000,0.000,0.000,0.000,0.000,36.529,31.882,0.905,1.768,1.652,2.132,47.000,80.000,18.9,14.2,13.8,0.0,0.0,0.0,204,0,0.0,0.0,74.3,73.2,75.6,70.4,73.1,70.3,72.5,72.0,0.0,0.0,0.0,0.0,0.0,0.0,0.0,0.0,1329.7,13.33,19,19,19,43,467,2,No,No,No,No,No,No,No,No,No,No,No,Yes,No,No,No,No,No,No,No,No,No,No,No,No,No,No,No,No,No,No,No,78.0,61.0,41,99.0,No,No,5299,6186,1.1,0.0,1.1,3.115,0.017,12685,8685,68,0.881,19.865,19.777,80.092,57.726,76.301,3.300,22.479,31.721,1680.0,1500.2,1560.0,1634.6,99.0,29.0,0.0,13.0,55.9,12.0,0.0,0.0,0.0,4.6,0.0,Yes,No,No,No,No,No,3433,3288,1117,8.0,15.677,58.334,100.0,11.6,71,1,1,323,9,0.152,0.111,0,0,0.000,0.000,0,0.000,0.0,
10.2.2021,13:33:59.919,14564,2558,85.0,6876,1166,85.5,7.6,1.225,1.217,1.219,1.219,3993.2,3993.2,3993.2,3993.2,99.8,3693.7,998.3,3088.6,3031.7,3078.7,2914.4,3007.4,2859.2,3020.3,2937.4,2992.2,77.2,76.5,74.2,73.4,69.6,74.2,72.7,68.9,77.2,73.3,100.0,40.0,40.0,40.0,40.0,37.0,78,76,74,75,22,24,26,25,78,78,No,No,No,No,No,No,No,No,No,No,No,No,No,No,No,80,80,64,0.000,0.000,0.000,0.000,0.000,37.379,32.711,0.902,1.783,1.654,2.133,45.000,70.000,19.6,14.3,13.9,0.0,0.0,0.0,204,0,0.0,0.0,77.6,76.0,77.2,73.0,75.4,71.7,75.7,73.6,0.0,0.0,0.0,0.0,0.0,0.0,0.0,0.0,1331.1,13.33,19,19,19,43,467,2,No,No,No,No,No,No,No,No,No,No,No,Yes,No,No,No,No,No,No,No,No,No,No,No,No,No,No,No,No,No,No,No,80.0,62.0,42,99.0,No,No,5299,6187,0.7,0.0,0.8,1.856,0.011,12688,8685,69,0.875,19.854,19.775,84.011,61.688,80.248,3.300,22.466,31.520,1665.0,1500.2,1545.0,1649.9,99.0,28.0,0.0,13.0,55.9,11.8,0.0,0.0,0.0,4.5,0.0,Yes,No,No,No,No,No,3433,3288,1117,8.0,15.677,58.334,100.0,11.6,69,1,1,323,9,0.026,0.000,0,0,0.000,0.000,0,0.000,0.0,
10.2.2021,13:34:1.997,14566,2556,85.0,6876,1166,85.4,7.6,1.215,1.217,1.220,1.220,3991.2,3991.2,3991.2,3991.2,99.8,3691.9,997.8,3291.8,3184.1,3286.3,3161.9,3244.1,3169.5,3212.8,3179.3,3216.2,82.5,80.3,84.8,80.3,82.5,78.7,76.5,78.0,84.8,80.5,100.0,40.0,40.0,40.0,40.0,37.0,82,81,81,80,18,19,19,20,82,82,No,No,No,No,No,No,No,No,No,No,No,No,No,No,No,81,81,65,0.000,0.000,0.000,0.000,0.000,39.152,34.424,0.935,1.864,1.672,2.149,45.000,70.000,17.5,14.8,14.3,0.0,0.0,0.0,204,0,0.0,0.0,82.6,79.8,82.4,79.2,81.3,79.4,80.5,79.7,0.0,0.0,0.0,0.0,0.0,0.0,0.0,0.0,1330.4,13.33,19,19,19,43,467,2,No,No,No,No,No,No,No,No,No,No,No,Yes,No,No,No,No,No,No,No,No,No,No,No,No,No,No,No,No,No,No,No,80.0,60.0,41,99.0,No,No,5299,6187,0.4,0.0,0.5,1.044,0.061,12690,8685,69,0.894,19.847,19.766,78.624,56.206,74.853,3.300,22.555,27.672,1695.0,1500.2,1575.0,1650.9,98.0,27.0,0.0,13.0,55.9,9.9,0.0,0.0,0.0,4.3,0.0,Yes,No,No,No,No,No,3433,3288,1117,8.0,15.677,58.334,100.0,11.6,72,1,1,323,9,0.098,0.000,0,0,0.000,0.000,0,0.000,0.0,
10.2.2021,13:34:4.058,14567,2556,85.0,6885,1157,85.6,7.6,1.219,1.214,1.214,1.214,3991.2,3991.2,3991.2,3991.2,99.8,3691.9,997.8,3341.3,3247.3,3285.3,3216.0,3317.8,3195.7,3297.4,3218.0,3264.8,78.7,80.3,75.7,75.7,83.3,78.0,78.7,77.2,83.3,78.5,100.0,40.0,40.0,40.0,40.0,37.0,81,82,81,83,19,18,19,17,85,83,No,No,No,No,No,No,No,No,No,No,No,No,No,No,No,83,83,65,0.000,0.000,0.000,0.000,0.000,39.866,35.200,0.878,1.876,1.679,2.151,45.000,70.000,16.1,13.9,13.5,0.0,0.0,0.0,204,0,0.0,0.0,83.7,81.4,82.3,80.6,83.1,80.1,82.6,80.6,0.0,0.0,0.0,0.0,0.0,0.0,0.0,0.0,1330.4,13.33,19,19,19,43,467,2,No,No,No,No,No,No,No,No,No,No,No,Yes,No,No,No,No,No,No,No,No,No,No,No,No,No,No,No,No,No,No,No,82.0,61.0,41,99.0,No,No,5299,6187,0.0,0.0,0.0,0.000,0.017,12690,8685,69,0.887,19.843,19.758,79.242,56.751,75.437,3.300,22.603,31.879,1695.0,1500.2,1575.0,1664.1,99.0,26.0,0.0,13.0,55.9,10.8,0.0,0.0,0.0,5.0,0.0,Yes,No,No,No,No,No,3433,3288,1117,8.0,15.677,58.334,100.0,11.6,67,1,1,323,9,0.101,0.000,0,0,0.000,0.000,0,0.000,0.0,
10.2.2021,13:34:6.110,14567,2556,85.0,6890,1152,85.6,7.6,1.214,1.215,1.221,1.221,3991.2,3991.2,3991.2,3991.2,99.8,3691.9,997.8,3260.8,3142.1,3257.1,3175.5,3255.4,3145.6,3230.2,3167.5,3204.3,80.3,79.5,77.2,78.0,81.0,73.4,83.3,79.5,83.3,79.0,100.0,40.0,40.0,40.0,40.0,37.0,82,81,80,80,18,19,20,20,82,82,No,No,No,No,No,No,No,No,No,No,No,No,No,No,No,81,81,65,0.000,0.000,0.000,0.000,0.000,39.236,34.557,0.882,1.871,1.677,2.151,45.000,70.000,16.3,13.9,13.5,0.0,0.0,0.0,204,0,0.0,0.0,81.8,78.7,81.6,79.6,81.6,78.8,80.9,79.4,0.0,0.0,0.0,0.0,0.0,0.0,0.0,0.0,1330.4,13.33,19,19,19,43,467,2,No,No,No,No,No,No,No,No,No,No,No,Yes,No,No,No,No,No,No,No,No,No,No,No,No,No,No,No,No,No,No,No,80.0,60.0,41,99.0,No,No,5299,6187,0.4,0.0,0.4,1.278,0.061,12693,8685,70,0.875,19.872,19.783,79.818,57.451,76.046,3.300,22.477,29.908,1665.0,1500.2,1545.0,1657.0,99.0,27.0,0.0,12.0,55.9,10.5,0.0,0.0,0.0,5.2,0.0,Yes,No,No,No,No,No,3433,3288,1117,8.0,15.677,58.334,100.0,11.6,69,1,1,323,9,0.051,0.060,0,0,0.000,0.000,0,0.000,0.0,
10.2.2021,13:34:8.198,14566,2556,85.0,6887,1155,85.6,7.6,1.212,1.216,1.216,1.214,3993.2,3993.2,3993.2,3993.2,99.8,3693.7,998.3,3204.7,3069.9,3168.9,3041.8,3128.1,3018.1,3113.4,3048.4,3099.2,80.3,76.5,78.7,76.5,78.0,80.3,79.5,76.5,80.3,78.3,100.0,40.0,40.0,40.0,40.0,37.0,82,81,80,81,18,19,20,19,82,82,No,No,No,No,No,No,No,No,No,No,No,No,No,No,No,80,80,67,0.000,0.000,0.000,0.000,0.000,38.440,33.711,0.942,1.829,1.672,2.144,45.000,70.000,18.0,14.8,14.4,0.0,0.0,0.0,204,0,0.0,0.0,80.4,76.9,79.5,76.2,78.4,75.7,78.0,76.4,0.0,0.0,0.0,0.0,0.0,0.0,0.0,0.0,1331.1,13.33,19,19,19,43,467,2,No,No,No,No,No,No,No,No,No,No,No,Yes,No,No,No,No,No,No,No,No,No,No,No,No,No,No,No,No,No,No,No,81.0,59.0,41,99.0,No,No,5299,6187,0.6,0.0,0.7,1.229,0.043,12695,8685,70,0.887,19.870,19.791,77.325,54.842,73.563,3.300,22.621,26.029,1680.0,1500.2,1560.0,1649.6,99.0,27.0,0.0,14.0,55.9,11.5,0.0,0.0,0.0,4.4,0.0,Yes,No,No,No,No,No,3433,3288,1117,8.0,15.677,58.334,100.0,11.6,71,1,1,323,9,0.161,0.000,0,0,0.000,0.000,0,0.000,0.0,
10.2.2021,13:34:10.325,14569,2554,85.0,6850,1192,85.1,7.6,1.214,1.215,1.217,1.215,3992.2,3992.2,3992.2,3992.2,99.8,3692.8,998.1,3568.3,3512.3,3550.2,3404.4,3517.9,3463.0,3542.9,3411.5,3496.3,89.4,87.2,85.7,84.9,88.7,82.7,87.2,85.7,89.4,86.4,100.0,40.0,40.0,40.0,40.0,37.0,83,82,82,82,17,18,18,18,83,83,No,No,No,No,No,No,No,No,No,No,No,No,No,No,No,83,83,66,0.000,0.000,0.000,0.000,0.000,41.151,36.389,0.945,1.919,1.689,2.159,45.000,70.000,17.4,14.9,14.4,0.0,0.0,0.0,204,0,0.0,0.0,89.4,88.0,89.0,85.3,88.2,86.8,88.8,85.5,0.0,0.0,0.0,0.0,0.0,0.0,0.0,0.0,1330.7,13.33,19,19,19,43,467,2,No,No,No,No,No,No,No,No,No,No,No,Yes,No,No,No,No,No,No,No,No,No,No,No,No,No,No,No,No,No,No,No,83.0,60.0,41,99.0,No,No,5299,6187,1.0,0.0,1.0,3.669,0.029,12703,8685,70,0.906,19.870,19.793,76.968,55.078,73.235,3.300,22.045,24.641,1710.0,1500.2,1590.0,1664.1,99.0,26.0,0.0,13.0,55.9,7.3,0.0,0.0,0.0,4.2,0.0,Yes,No,No,No,No,No,3433,3287,1117,8.0,15.677,58.334,100.0,11.6,67,1,1,323,9,0.075,0.000,0,0,0.000,0.000,0,0.000,0.0,
10.2.2021,13:34:12.409,14570,2552,85.0,6703,1339,83.3,7.9,1.214,1.216,1.214,1.214,3990.2,3990.2,3990.2,3990.2,99.8,3691.0,997.6,3803.8,3749.8,3759.2,3679.5,3736.7,3759.6,3776.2,3719.2,3748.0,92.5,93.3,93.3,88.8,91.8,97.7,94.0,90.3,97.7,92.7,100.0,40.0,40.0,40.0,40.0,37.0,83,82,81,82,17,18,19,18,83,83,No,No,No,No,No,No,No,No,No,No,No,No,No,No,No,84,84,66,0.000,0.000,0.000,0.000,0.000,43.341,38.496,0.994,1.969,1.702,2.176,45.000,70.000,17.3,15.6,15.2,0.0,0.0,0.0,204,0,0.0,0.0,95.3,94.0,94.2,92.2,93.6,94.2,94.6,93.2,0.0,0.0,0.0,0.0,0.0,0.0,0.0,0.0,1330.1,13.33,19,19,19,43,467,2,No,No,No,No,No,No,No,No,No,No,No,Yes,No,No,No,No,No,No,No,No,No,No,No,No,No,No,No,No,No,No,No,83.0,60.0,42,99.0,No,No,5299,6187,0.7,1.7,2.4,2.788,15.473,12708,8716,70,0.938,19.864,19.791,79.254,57.150,75.521,3.300,22.266,29.313,1755.0,1500.2,1620.0,1693.2,95.0,25.0,0.0,12.0,55.9,2.7,0.0,0.0,0.0,3.8,0.0,Yes,No,No,No,No,No,3433,3287,1117,8.0,15.677,58.334,100.0,11.6,64,1,1,323,9,0.145,0.020,0,0,0.000,0.000,0,0.000,0.0,
10.2.2021,13:34:14.473,14571,2551,85.0,6631,1411,82.4,7.9,1.218,1.213,1.216,1.222,3993.2,3993.2,3993.2,3993.2,99.8,3693.7,998.3,3801.7,3714.7,3741.6,3660.3,3740.2,3771.4,3773.6,3714.1,3739.7,91.8,88.8,89.6,85.9,89.6,88.8,92.5,89.6,92.5,89.6,100.0,40.0,40.0,40.0,40.0,37.0,83,82,82,85,17,18,18,15,84,85,No,No,No,No,No,No,No,No,No,No,No,No,No,No,No,85,85,66,0.000,0.000,0.000,0.000,0.000,43.510,38.697,0.969,1.968,1.702,2.171,45.000,70.000,19.8,15.4,15.0,0.0,0.0,0.0,204,0,0.0,0.0,95.3,93.1,93.8,91.7,93.7,94.5,94.6,93.1,0.0,0.0,0.0,0.0,0.0,0.0,0.0,0.0,1331.1,13.33,19,19,19,43,467,2,No,No,No,No,No,No,No,No,No,No,No,Yes,No,No,No,No,No,No,No,No,No,No,No,No,No,No,No,No,No,No,No,84.0,61.0,41,99.0,No,No,5299,6187,0.3,0.0,0.4,0.742,0.099,12710,8716,71,0.906,19.855,19.783,77.459,55.595,73.712,3.300,22.030,27.059,1725.0,1500.2,1590.0,1696.9,94.0,24.0,0.0,12.0,55.9,2.3,0.0,0.0,0.0,3.8,0.0,Yes,No,No,No,No,No,3433,3287,1117,8.0,15.677,58.334,100.0,11.6,63,1,1,323,9,0.222,0.187,0,0,0.000,0.000,0,0.000,0.0,
10.2.2021,13:34:16.552,14568,2555,85.0,6534,1508,81.2,8.3,1.224,1.216,1.216,1.216,3988.3,3988.3,3988.3,3988.3,99.7,3689.2,997.1,3450.5,3317.3,3417.9,3332.8,3380.3,3332.6,3444.5,3304.4,3372.6,81.8,81.8,83.3,79.5,80.3,80.3,80.3,84.8,84.8,81.5,100.0,40.0,40.0,40.0,40.0,37.0,81,80,79,80,19,20,21,20,81,81,No,No,No,No,No,No,No,No,No,No,No,No,No,No,No,80,80,67,0.000,0.000,0.000,0.000,0.000,40.730,35.978,0.926,1.904,1.693,2.163,45.000,70.000,16.9,14.6,14.1,0.0,0.0,0.0,204,0,0.0,0.0,86.5,83.1,85.7,83.5,84.7,83.5,86.3,82.8,0.0,0.0,0.0,0.0,0.0,0.0,0.0,0.0,1329.4,13.33,19,19,19,43,467,2,No,No,No,No,No,No,No,No,No,No,No,Yes,No,No,No,No,No,No,No,No,No,No,No,No,No,No,No,No,No,No,No,81.0,60.0,41,99.0,No,No,5299,6187,0.8,1.7,2.5,3.595,15.711,12717,8747,71,0.869,19.887,19.796,79.562,57.176,75.777,3.300,22.502,31.327,1650.0,1500.2,1530.0,1670.7,97.0,26.0,0.0,12.0,55.9,8.6,0.0,0.0,0.0,4.6,0.0,Yes,No,No,No,No,No,3433,3287,1117,8.0,15.677,58.334,100.0,11.6,70,1,1,323,9,0.000,0.060,0,0,0.000,0.000,0,0.000,0.0,
10.2.2021,13:34:18.613,14569,2553,85.0,6534,1508,81.2,8.3,1.227,1.227,1.227,1.227,3991.2,3991.2,3991.2,3991.2,99.8,3691.9,997.8,3199.1,3108.1,3199.4,3068.7,3218.4,3053.9,3161.4,3065.5,3134.3,75.1,75.1,74.4,76.6,75.9,75.9,78.9,72.1,78.9,75.5,100.0,40.0,40.0,40.0,40.0,37.0,82,81,80,80,18,19,20,20,82,82,No,No,No,No,No,No,No,No,No,No,No,No,No,No,No,81,81,66,0.000,0.000,0.000,0.000,0.000,38.726,33.987,0.929,1.861,1.681,2.149,45.000,70.000,16.3,14.5,14.1,0.0,0.0,0.0,204,0,0.0,0.0,80.2,77.9,80.2,76.9,80.7,76.5,79.2,76.8,0.0,0.0,0.0,0.0,0.0,0.0,0.0,0.0,1330.4,13.33,19,19,19,43,467,2,No,No,No,No,No,No,No,No,No,No,No,Yes,No,No,No,No,No,No,No,No,No,No,No,No,No,No,No,No,No,No,No,81.0,61.0,41,99.0,No,No,5299,6187,0.1,0.0,0.1,0.621,0.017,12718,8747,71,0.869,19.888,19.794,79.324,56.840,75.534,3.300,22.570,31.433,1665.0,1500.2,1545.0,1636.4,99.0,26.0,0.0,13.0,55.9,12.3,0.0,0.0,0.0,5.0,0.0,Yes,No,No,No,No,No,3433,3287,1117,8.0,15.677,58.334,100.0,11.6,72,1,1,323,9,0.101,0.000,0,0,0.000,0.000,0,0.000,0.0,
10.2.2021,13:34:20.668,14567,2555,85.0,6523,1519,81.1,8.3,1.216,1.212,1.215,1.215,3992.2,3992.2,3992.2,3992.2,99.8,3692.8,998.1,3243.7,3175.6,3255.0,3101.4,3200.5,3126.5,3234.6,3131.3,3183.6,83.2,84.7,81.6,77.8,80.9,83.9,85.4,83.2,85.4,82.6,100.0,40.0,40.0,40.0,40.0,37.0,79,78,80,79,21,22,20,21,79,80,No,No,No,No,No,No,No,No,No,No,No,No,No,No,No,82,82,67,0.000,0.000,0.000,0.000,0.000,38.923,34.151,0.971,1.862,1.683,2.149,45.000,70.000,17.0,15.1,14.7,0.0,0.0,0.0,204,0,0.0,0.0,81.3,79.6,81.6,77.7,80.2,78.4,81.1,78.5,0.0,0.0,0.0,0.0,0.0,0.0,0.0,0.0,1330.7,13.33,19,19,19,43,467,2,No,No,No,No,No,No,No,No,No,No,No,Yes,No,No,No,No,No,No,No,No,No,No,No,No,No,No,No,No,No,No,No,81.0,61.0,41,99.0,No,No,5299,6187,0.2,0.0,0.2,0.532,0.099,12719,8748,71,0.875,19.872,19.781,80.896,58.484,77.107,3.300,22.529,32.543,1665.0,1500.2,1545.0,1643.8,99.0,26.0,0.0,14.0,55.9,12.4,0.0,0.0,0.0,5.2,0.0,Yes,No,No,No,No,No,3433,3287,1117,8.0,15.677,58.334,100.0,11.6,74,1,1,323,9,0.000,0.000,0,0,0.000,0.000,0,0.000,0.0,
10.2.2021,13:34:22.754,14565,2557,85.0,6524,1518,81.1,8.3,1.215,1.219,1.219,1.215,3992.2,3992.2,3992.2,3992.2,99.8,3692.8,998.1,3185.9,3109.9,3226.3,3119.3,3250.2,3047.2,3176.5,3099.1,3151.8,79.5,75.7,76.5,78.7,81.0,73.4,81.0,77.2,81.0,77.9,100.0,40.0,40.0,40.0,40.0,37.0,80,82,82,83,20,18,18,17,80,83,No,No,No,No,No,No,No,No,No,No,No,No,No,No,No,83,83,67,0.000,0.000,0.000,0.000,0.000,38.486,33.733,0.964,1.844,1.685,2.146,45.000,70.000,16.4,15.0,14.5,0.0,0.0,0.0,204,0,0.0,0.0,80.0,77.9,80.9,78.2,81.5,76.4,79.6,77.7,0.0,0.0,0.0,0.0,0.0,0.0,0.0,0.0,1330.7,13.33,19,19,19,43,467,2,No,No,No,No,No,No,No,No,No,No,No,Yes,No,No,No,No,No,No,No,No,No,No,No,No,No,No,No,No,No,No,No,81.0,61.0,41,99.0,No,No,5299,6187,0.2,0.0,0.3,0.922,0.060,12721,8748,71,0.887,19.870,19.784,79.030,56.530,75.257,3.300,22.619,28.773,1680.0,1500.2,1560.0,1653.4,99.0,27.0,0.0,14.0,55.9,11.3,0.0,0.0,0.0,4.9,0.0,Yes,No,No,No,No,No,3433,3287,1117,8.0,15.677,58.334,100.0,11.6,71,1,1,323,9,0.101,0.000,0,0,0.000,0.000,0,0.000,0.0,
10.2.2021,13:34:24.818,14565,2557,85.0,6526,1515,81.1,8.3,1.228,1.223,1.225,1.215,3989.2,3989.2,3989.2,3989.2,99.7,3690.0,997.3,3282.5,3222.1,3279.1,3192.4,3236.2,3150.6,3242.5,3168.3,3221.7,80.5,85.0,81.3,85.0,79.1,79.1,82.0,79.1,85.0,81.4,100.0,40.0,40.0,40.0,40.0,37.0,82,81,81,78,18,19,19,22,82,82,No,No,No,No,No,No,No,No,No,No,No,No,No,No,No,82,82,67,0.000,0.000,0.000,0.000,0.000,39.283,34.419,1.045,1.872,1.694,2.152,45.000,70.000,19.6,16.3,15.8,0.0,0.0,0.0,204,0,0.0,0.0,82.3,80.7,82.2,80.0,81.1,79.0,81.3,79.4,0.0,0.0,0.0,0.0,0.0,0.0,0.0,0.0,1329.7,13.33,19,19,19,43,467,2,No,No,No,No,No,No,No,No,No,No,No,Yes,No,No,No,No,No,No,No,No,No,No,No,No,No,No,No,No,No,No,No,83.0,60.0,41,99.0,No,No,5299,6187,0.2,0.0,0.2,0.697,0.051,12722,8748,71,0.875,19.865,19.781,79.060,56.534,75.305,3.300,22.652,29.924,1665.0,1500.2,1545.0,1647.7,98.0,29.0,0.0,14.0,55.9,12.1,0.0,0.0,0.0,4.5,0.0,Yes,No,No,No,No,No,3433,3287,1117,8.0,15.677,58.334,100.0,11.6,78,1,1,323,9,0.000,0.059,0,0,0.000,0.000,0,0.000,0.0,
10.2.2021,13:34:26.905,14565,2557,85.0,6525,1516,81.1,8.3,1.224,1.222,1.222,1.219,3990.2,3990.2,3990.2,3990.2,99.8,3691.0,997.6,3398.5,3332.9,3368.7,3286.9,3341.9,3305.8,3308.1,3307.7,3331.3,81.0,83.3,83.3,80.3,81.0,76.5,78.0,78.7,83.3,80.3,100.0,40.0,40.0,40.0,40.0,37.0,81,81,80,79,19,19,20,21,81,81,No,No,No,No,No,No,No,No,No,No,No,No,No,No,No,83,83,67,0.000,0.000,0.000,0.000,0.000,39.881,34.972,1.077,1.904,1.701,2.158,45.000,70.000,32.6,16.7,16.2,0.0,0.0,0.0,204,0,0.0,0.0,85.2,83.5,84.4,82.4,83.7,82.8,82.9,82.9,0.0,0.0,0.0,0.0,0.0,0.0,0.0,0.0,1330.1,13.33,19,19,19,43,467,2,No,No,No,No,No,No,No,No,No,No,No,Yes,No,No,No,No,No,No,No,No,No,No,No,No,No,No,No,No,No,No,No,82.0,61.0,41,99.0,No,No,5299,6187,0.4,0.0,0.4,1.459,0.055,12725,8748,71,0.869,19.860,19.782,80.543,58.072,76.792,3.300,22.625,29.728,1650.0,1500.2,1530.0,1662.4,97.0,29.0,0.0,14.0,55.9,9.3,0.0,0.0,0.0,4.6,0.0,Yes,No,No,No,No,No,3433,3287,1117,8.0,15.677,58.334,100.0,11.6,76,1,1,323,9,0.082,0.000,0,0,0.000,0.000,0,0.000,0.0,
10.2.2021,13:34:29.124,14569,2553,85.0,6538,1504,81.2,8.3,1.218,1.218,1.218,1.214,3988.3,3988.3,3988.3,3988.3,99.7,3689.2,997.1,3683.0,3611.1,3605.0,3554.4,3581.4,3517.0,3621.6,3560.2,3591.7,93.2,90.2,86.4,84.9,85.7,87.2,84.2,84.9,93.2,87.1,100.0,40.0,40.0,40.0,40.0,37.0,83,82,82,83,17,18,18,17,83,83,No,No,No,No,No,No,No,No,No,No,No,No,No,No,No,84,84,68,0.000,0.000,0.000,0.000,0.000,41.277,35.539,1.906,1.956,1.715,2.163,45.000,70.000,34.9,29.9,29.1,0.0,0.0,0.0,200,0,0.0,0.0,92.3,90.5,90.3,89.1,89.7,88.1,90.8,89.2,0.0,0.0,0.0,0.0,0.0,0.0,0.0,0.0,1329.4,13.33,19,19,19,43,467,2,No,No,No,No,No,No,No,No,No,No,No,Yes,No,No,No,No,No,No,No,No,No,No,No,No,No,No,No,No,No,No,No,82.0,61.0,41,99.0,No,No,5299,6187,0.7,0.0,0.8,0.891,0.134,12727,8748,71,0.963,19.864,19.802,76.199,54.726,72.516,3.300,21.700,27.540,1785.0,1500.2,1650.0,1719.1,89.0,25.0,0.0,12.0,55.9,1.9,0.0,0.0,0.0,3.5,0.0,Yes,No,No,No,No,No,3433,3287,1117,8.0,15.677,58.334,100.0,11.6,68,1,1,323,9,0.102,0.037,0,0,0.000,0.000,0,0.000,0.0,11,
10.2.2021,13:34:31.181,14569,2554,85.0,6538,1504,81.2,8.3,1.214,1.216,1.217,1.217,3993.2,3993.2,3993.2,3993.2,99.8,3693.7,998.3,3587.5,3495.3,3511.5,3487.7,3501.2,3478.2,3496.3,3460.2,3502.2,91.6,87.8,83.3,87.1,82.5,87.8,87.8,88.6,91.6,87.1,100.0,40.0,40.0,40.0,40.0,37.0,83,82,81,81,17,18,19,19,83,83,No,No,No,No,No,No,No,No,No,No,No,No,No,No,No,82,82,68,0.000,0.000,0.000,0.000,0.000,41.580,34.960,2.767,1.934,1.709,2.167,45.000,70.000,40.2,42.8,41.8,0.0,0.0,0.0,200,0,0.0,0.0,89.9,87.6,88.0,87.4,87.7,87.2,87.6,86.7,0.0,0.0,0.0,0.0,0.0,0.0,0.0,0.0,1331.1,13.33,19,19,19,43,467,2,No,No,No,No,No,No,No,No,No,No,No,Yes,No,No,No,No,No,No,No,No,No,No,No,No,No,No,No,No,No,No,No,82.0,61.0,40,99.0,No,No,5299,6187,0.0,0.1,0.1,0.000,0.165,12727,8749,71,0.925,19.860,19.791,79.903,58.051,76.197,3.300,22.062,28.194,1740.0,1500.2,1605.0,1713.9,89.0,25.0,0.0,12.0,55.9,1.3,0.0,0.0,0.0,3.5,0.0,Yes,No,No,No,No,No,3433,3287,1117,8.0,15.677,58.334,100.0,11.6,70,1,1,323,9,0.000,0.000,0,0,0.000,0.000,0,1.060,1048.2,12,-0.062,56452.3,
Date,Time,"Virtual Memory Commited [MB]","Virtual Memory Available [MB]","Virtual Memory Load [%]","Physical Memory Used [MB]","Physical Memory Available [MB]","Physical Memory Load [%]","Page File Usage [%]","Core 0 VID [V]","Core 1 VID [V]","Core 2 VID [V]","Core 3 VID [V]","Core 0 Clock [MHz]","Core 1 Clock [MHz]","Core 2 Clock [MHz]","Core 3 Clock [MHz]","Bus Clock [MHz]","Ring/LLC Clock [MHz]","System Agent Clock [MHz]","Core 0 T0 Effective Clock [MHz]","Core 0 T1 Effective Clock [MHz]","Core 1 T0 Effective Clock [MHz]","Core 1 T1 Effective Clock [MHz]","Core 2 T0 Effective Clock [MHz]","Core 2 T1 Effective Clock [MHz]","Core 3 T0 Effective Clock [MHz]","Core 3 T1 Effective Clock [MHz]","Average Effective Clock [MHz]","Core 0 T0 Usage [%]","Core 0 T1 Usage [%]","Core 1 T0 Usage [%]","Core 1 T1 Usage [%]","Core 2 T0 Usage [%]","Core 2 T1 Usage [%]","Core 3 T0 Usage [%]","Core 3 T1 Usage [%]","Max CPU/Thread Usage [%]","Total CPU Usage [%]","On-Demand Clock Modulation [%]","Core 0 Ratio [x]","Core 1 Ratio [x]","Core 2 Ratio [x]","Core 3 Ratio [x]","Uncore Ratio [x]","Core 0 [°C]","Core 1 [°C]","Core 2 [°C]","Core 3 [°C]","Core 0 Distance to TjMAX [°C]","Core 1 Distance to TjMAX [°C]","Core 2 Distance to TjMAX [°C]","Core 3 Distance to TjMAX [°C]","CPU Package [°C]","Core Max [°C]","Core 0 Thermal Throttling [Yes/No]","Core 1 Thermal Throttling [Yes/No]","Core 2 Thermal Throttling [Yes/No]","Core 3 Thermal Throttling [Yes/No]","Core 0 Critical Temperature [Yes/No]","Core 1 Critical Temperature [Yes/No]","Core 2 Critical Temperature [Yes/No]","Core 3 Critical Temperature [Yes/No]","Core 0 Power Limit Exceeded [Yes/No]","Core 1 Power Limit Exceeded [Yes/No]","Core 2 Power Limit Exceeded [Yes/No]","Core 3 Power Limit Exceeded [Yes/No]","Package/Ring Thermal Throttling [Yes/No]","Package/Ring Critical Temperature [Yes/No]","Package/Ring Power Limit Exceeded [Yes/No]","CPU Package [°C]","CPU IA Cores [°C]","CPU GT Cores (Graphics) [°C]","IA Voltage Offset [V]","GT (Slice) Voltage Offset [V]","CLR (CBo/LLC/Ring) Voltage Offset [V]","GT (Unslice) Voltage Offset [V]","Uncore/SA Voltage Offset [V]","CPU Package Power [W]","IA Cores Power [W]","GT Cores Power [W]","Total DRAM Power [W]","System Agent Power [W]","Rest-of-Chip Power [W]","PL1 Power Limit [W]","PL2 Power Limit [W]","GPU D3D Usage [%]","GPU GT Usage [%]","GPU Media Engine Usage [%]","GPU Video Decode 0 Usage [%]","GPU Video Decode 1 Usage [%]","GPU Video Processing 0 Usage [%]","GPU D3D Memory Dynamic [MB]","Current cTDP Level []","Package C2 Residency [%]","Package C3 Residency [%]","Core 0 T0 C0 Residency [%]","Core 0 T1 C0 Residency [%]","Core 1 T0 C0 Residency [%]","Core 1 T1 C0 Residency [%]","Core 2 T0 C0 Residency [%]","Core 2 T1 C0 Residency [%]","Core 3 T0 C0 Residency [%]","Core 3 T1 C0 Residency [%]","Core 0 C3 Residency [%]","Core 1 C3 Residency [%]","Core 2 C3 Residency [%]","Core 3 C3 Residency [%]","Core 0 C7 Residency [%]","Core 1 C7 Residency [%]","Core 2 C7 Residency [%]","Core 3 C7 Residency [%]","Memory Clock [MHz]","Memory Clock Ratio [x]","Tcas [T]","Trcd [T]","Trp [T]","Tras [T]","Trfc [T]","Command Rate [T]","IA: PROCHOT [Yes/No]","IA: Thermal Event [Yes/No]","IA: DDR RAPL [Yes/No]","IA: PCS (PECI) [Yes/No]","IA: Residency State Regulation [Yes/No]","IA: Running Average Thermal Limit [Yes/No]","IA: VR Thermal Alert [Yes/No]","IA: VR TDC [Yes/No]","IA: Electrical Design Point/Other (ICCmax,PL4,SVID,DDR RAPL) [Yes/No]","IA: Package-Level RAPL/PBM PL1 [Yes/No]","IA: Package-Level RAPL/PBM PL2,PL3 [Yes/No]","IA: Max Turbo Limit [Yes/No]","IA: Turbo Attenuation (MCT) [Yes/No]","GT: Thermal Event [Yes/No]","GT: DDR RAPL [Yes/No]","IA: Thermal Velocity Boost [Yes/No]","GT: Residency State Regulation [Yes/No]","GT: Running Average Thermal Limit [Yes/No]","GT: VR Thermal Alert [Yes/No]","GT: VR TDC [Yes/No]","GT: Max VR Voltage, ICCmax, PL4 [Yes/No]","GT: Domain-Level PBM PLGT [Yes/No]","GT: Package-Level RAPL/PBM PL1 [Yes/No]","GT: Package-Level RAPL/PBM PL2,PL3 [Yes/No]","GT: Inefficient Operation [Yes/No]","GT: Fuses limit [Yes/No]","RING: VR Thermal Alert [Yes/No]","RING: VR TDC [Yes/No]","RING: Max VR Voltage, ICCmax, PL4 [Yes/No]","RING: Package-Level RAPL/PBM PL1 [Yes/No]","RING: Package-Level RAPL/PBM PL2,PL3 [Yes/No]","CPU [°C]","PCH Temperature [°C]","Drive Temperature [°C]","Drive Remaining Life [%]","Drive Failure [Yes/No]","Drive Warning [Yes/No]","Total Host Writes [GB]","Total Host Reads [GB]","Read Activity [%]","Write Activity [%]","Total Activity [%]","Read Rate [MB/s]","Write Rate [MB/s]","Read Total [MB]","Write Total [MB]","GPU Temperature [°C]","GPU Core Voltage [V]","GPU Core (NVVDD) Input Voltage [V]","GPU Input PP Source Voltage [V]","GPU Power [W]","GPU Core (NVVDD) Input Power [W]","GPU Input PP Source Power [W]","GPU PCIe +3.3V Input Power (est) [W]","GPU Misc1 Input Power (sum) [W]","GPU Core (NVVDD) Output Power [W]","GPU Clock [MHz]","GPU Memory Clock [MHz]","GPU Video Clock [MHz]","GPU Effective Clock [MHz]","GPU Core Load [%]","GPU Memory Controller Load [%]","GPU Video Engine Load [%]","GPU Bus Load [%]","GPU Memory Usage [%]","GPU D3D Usage [%]","GPU Video Decode 0 Usage [%]","GPU Video Encode 0 Usage [%]","GPU Computing (Compute_0) Usage [%]","GPU Computing (Compute_1) Usage [%]","GPU VR Usage [%]","Performance Limit - Power [Yes/No]","Performance Limit - Thermal [Yes/No]","Performance Limit - Reliability Voltage [Yes/No]","Performance Limit - Max Operating Voltage [Yes/No]","Performance Limit - Utilization [Yes/No]","Performance Limit - SLI GPUBoost Sync [Yes/No]","GPU Memory Allocated [MB]","GPU D3D Memory Dedicated [MB]","GPU D3D Memory Dynamic [MB]","PCIe Link Speed [GT/s]","Battery Voltage [V]","Remaining Capacity [Wh]","Charge Level [%]","Wear Level [%]","Framerate [FPS]","Framerate 1% Low [FPS]","Framerate 0.1% Low [FPS]","Total DL [MB]","Total UP [MB]","Current DL rate [KB/s]","Current UP rate [KB/s]","Total DL [MB]","Total UP [MB]","Current DL rate [KB/s]","Current UP rate [KB/s]","Total Errors []","iGPU VID [V]","GPU Clock [MHz]","VR VCC Temperature (SVID) [°C]","Charge Rate [W]","Estimated Remaining Time [mins]",
,,System: ASUS ROG Strix G531GU_GL531GU,System: ASUS ROG Strix G531GU_GL531GU,System: ASUS ROG Strix G531GU_GL531GU,System: ASUS ROG Strix G531GU_GL531GU,System: ASUS ROG Strix G531GU_GL531GU,System: ASUS ROG Strix G531GU_GL531GU,System: ASUS ROG Strix G531GU_GL531GU,CPU [#0]: Intel Core i5-9300H,CPU [#0]: Intel Core i5-9300H,CPU [#0]: Intel Core i5-9300H,CPU [#0]: Intel Core i5-9300H,CPU [#0]: Intel Core i5-9300H,CPU [#0]: Intel Core i5-9300H,CPU [#0]: Intel Core i5-9300H,CPU [#0]: Intel Core i5-9300H,CPU [#0]: Intel Core i5-9300H,CPU [#0]: Intel Core i5-9300H,CPU [#0]: Intel Core i5-9300H,CPU [#0]: Intel Core i5-9300H,CPU [#0]: Intel Core i5-9300H,CPU [#0]: Intel Core i5-9300H,CPU [#0]: Intel Core i5-9300H,CPU [#0]: Intel Core i5-9300H,CPU [#0]: Intel Core i5-9300H,CPU [#0]: Intel Core i5-9300H,CPU [#0]: Intel Core i5-9300H,CPU [#0]: Intel Core i5-9300H,CPU [#0]: Intel Core i5-9300H,CPU [#0]: Intel Core i5-9300H,CPU [#0]: Intel Core i5-9300H,CPU [#0]: Intel Core i5-9300H,CPU [#0]: Intel Core i5-9300H,CPU [#0]: Intel Core i5-9300H,CPU [#0]: Intel Core i5-9300H,CPU [#0]: Intel Core i5-9300H,CPU [#0]: Intel Core i5-9300H,CPU [#0]: Intel Core i5-9300H,CPU [#0]: Intel Core i5-9300H,CPU [#0]: Intel Core i5-9300H,CPU [#0]: Intel Core i5-9300H,CPU [#0]: Intel Core i5-9300H,CPU [#0]: Intel Core i5-9300H,CPU [#0]: Intel Core i5-9300H,CPU [#0]: Intel Core i5-9300H: DTS,CPU [#0]: Intel Core i5-9300H: DTS,CPU [#0]: Intel Core i5-9300H: DTS,CPU [#0]: Intel Core i5-9300H: DTS,CPU [#0]: Intel Core i5-9300H: DTS,CPU [#0]: Intel Core i5-9300H: DTS,CPU [#0]: Intel Core i5-9300H: DTS,CPU [#0]: Intel Core i5-9300H: DTS,CPU [#0]: Intel Core i5-9300H: DTS,CPU [#0]: Intel Core i5-9300H: DTS,CPU [#0]: Intel Core i5-9300H: DTS,CPU [#0]: Intel Core i5-9300H: DTS,CPU [#0]: Intel Core i5-9300H: DTS,CPU [#0]: Intel Core i5-9300H: DTS,CPU [#0]: Intel Core i5-9300H: DTS,CPU [#0]: Intel Core i5-9300H: DTS,CPU [#0]: Intel Core i5-9300H: DTS,CPU [#0]: Intel Core i5-9300H: DTS,CPU [#0]: Intel Core i5-9300H: DTS,CPU [#0]: Intel Core i5-9300H: DTS,CPU [#0]: Intel Core i5-9300H: DTS,CPU [#0]: Intel Core i5-9300H: DTS,CPU [#0]: Intel Core i5-9300H: DTS,CPU [#0]: Intel Core i5-9300H: DTS,CPU [#0]: Intel Core i5-9300H: DTS,CPU [#0]: Intel Core i5-9300H: Enhanced,CPU [#0]: Intel Core i5-9300H: Enhanced,CPU [#0]: Intel Core i5-9300H: Enhanced,CPU [#0]: Intel Core i5-9300H: Enhanced,CPU [#0]: Intel Core i5-9300H: Enhanced,CPU [#0]: Intel Core i5-9300H: Enhanced,CPU [#0]: Intel Core i5-9300H: Enhanced,CPU [#0]: Intel Core i5-9300H: Enhanced,CPU [#0]: Intel Core i5-9300H: Enhanced,CPU [#0]: Intel Core i5-9300H: Enhanced,CPU [#0]: Intel Core i5-9300H: Enhanced,CPU [#0]: Intel Core i5-9300H: Enhanced,CPU [#0]: Intel Core i5-9300H: Enhanced,CPU [#0]: Intel Core i5-9300H: Enhanced,CPU [#0]: Intel Core i5-9300H: Enhanced,CPU [#0]: Intel Core i5-9300H: Enhanced,CPU [#0]: Intel Core i5-9300H: Enhanced,CPU [#0]: Intel Core i5-9300H: Enhanced,CPU [#0]: Intel Core i5-9300H: Enhanced,CPU [#0]: Intel Core i5-9300H: Enhanced,CPU [#0]: Intel Core i5-9300H: Enhanced,CPU [#0]: Intel Core i5-9300H: Enhanced,CPU [#0]: Intel Core i5-9300H: Enhanced,CPU [#0]: Intel Core i5-9300H: Enhanced,CPU [#0]: Intel Core i5-9300H: C-State Residency,CPU [#0]: Intel Core i5-9300H: C-State Residency,CPU [#0]: Intel Core i5-9300H: C-State Residency,CPU [#0]: Intel Core i5-9300H: C-State Residency,CPU [#0]: Intel Core i5-9300H: C-State Residency,CPU [#0]: Intel Core i5-9300H: C-State Residency,CPU [#0]: Intel Core i5-9300H: C-State Residency,CPU [#0]: Intel Core i5-9300H: C-State Residency,CPU [#0]: Intel Core i5-9300H: C-State Residency,CPU [#0]: Intel Core i5-9300H: C-State Residency,CPU [#0]: Intel Core i5-9300H: C-State Residency,CPU [#0]: Intel Core i5-9300H: C-State Residency,CPU [#0]: Intel Core i5-9300H: C-State Residency,CPU [#0]: Intel Core i5-9300H: C-State Residency,CPU [#0]: Intel Core i5-9300H: C-State Residency,CPU [#0]: Intel Core i5-9300H: C-State Residency,CPU [#0]: Intel Core i5-9300H: C-State Residency,CPU [#0]: Intel Core i5-9300H: C-State Residency,Memory Timings,Memory Timings,Memory Timings,Memory Timings,Memory Timings,Memory Timings,Memory Timings,Memory Timings,CPU [#0]: Intel Core i5-9300H: Performance Limit Reasons,CPU [#0]: Intel Core i5-9300H: Performance Limit Reasons,CPU [#0]: Intel Core i5-9300H: Performance Limit Reasons,CPU [#0]: Intel Core i5-9300H: Performance Limit Reasons,CPU [#0]: Intel Core i5-9300H: Performance Limit Reasons,CPU [#0]: Intel Core i5-9300H: Performance Limit Reasons,CPU [#0]: Intel Core i5-9300H: Performance Limit Reasons,CPU [#0]: Intel Core i5-9300H: Performance Limit Reasons,CPU [#0]: Intel Core i5-9300H: Performance Limit Reasons,CPU [#0]: Intel Core i5-9300H: Performance Limit Reasons,CPU [#0]: Intel Core i5-9300H: Performance Limit Reasons,CPU [#0]: Intel Core i5-9300H: Performance Limit Reasons,CPU [#0]: Intel Core i5-9300H: Performance Limit Reasons,CPU [#0]: Intel Core i5-9300H: Performance Limit Reasons,CPU [#0]: Intel Core i5-9300H: Performance Limit Reasons,CPU [#0]: Intel Core i5-9300H: Performance Limit Reasons,CPU [#0]: Intel Core i5-9300H: Performance Limit Reasons,CPU [#0]: Intel Core i5-9300H: Performance Limit Reasons,CPU [#0]: Intel Core i5-9300H: Performance Limit Reasons,CPU [#0]: Intel Core i5-9300H: Performance Limit Reasons,CPU [#0]: Intel Core i5-9300H: Performance Limit Reasons,CPU [#0]: Intel Core i5-9300H: Performance Limit Reasons,CPU [#0]: Intel Core i5-9300H: Performance Limit Reasons,CPU [#0]: Intel Core i5-9300H: Performance Limit Reasons,CPU [#0]: Intel Core i5-9300H: Performance Limit Reasons,CPU [#0]: Intel Core i5-9300H: Performance Limit Reasons,CPU [#0]: Intel Core i5-9300H: Performance Limit Reasons,CPU [#0]: Intel Core i5-9300H: Performance Limit Reasons,CPU [#0]: Intel Core i5-9300H: Performance Limit Reasons,CPU [#0]: Intel Core i5-9300H: Performance Limit Reasons,CPU [#0]: Intel Core i5-9300H: Performance Limit Reasons,ACPI: ASUS ROG Strix G531GU_GL531GU,ASUS G531GU (Intel PCH),S.M.A.R.T.: INTEL SSDPEKNW512G8 (PHNH908608E3512A),S.M.A.R.T.: INTEL SSDPEKNW512G8 (PHNH908608E3512A),S.M.A.R.T.: INTEL SSDPEKNW512G8 (PHNH908608E3512A),S.M.A.R.T.: INTEL SSDPEKNW512G8 (PHNH908608E3512A),S.M.A.R.T.: INTEL SSDPEKNW512G8 (PHNH908608E3512A),S.M.A.R.T.: INTEL SSDPEKNW512G8 (PHNH908608E3512A),Drive: INTEL SSDPEKNW512G8 (PHNH908608E3512A),Drive: INTEL SSDPEKNW512G8 (PHNH908608E3512A),Drive: INTEL SSDPEKNW512G8 (PHNH908608E3512A),Drive: INTEL SSDPEKNW512G8 (PHNH908608E3512A),Drive: INTEL SSDPEKNW512G8 (PHNH908608E3512A),Drive: INTEL SSDPEKNW512G8 (PHNH908608E3512A),Drive: INTEL SSDPEKNW512G8 (PHNH908608E3512A),GPU [#1]: NVIDIA GeForce GTX 1660 Ti: ,GPU [#1]: NVIDIA GeForce GTX 1660 Ti: ,GPU [#1]: NVIDIA GeForce GTX 1660 Ti: ,GPU [#1]: NVIDIA GeForce GTX 1660 Ti: ,GPU [#1]: NVIDIA GeForce GTX 1660 Ti: ,GPU [#1]: NVIDIA GeForce GTX 1660 Ti: ,GPU [#1]: NVIDIA GeForce GTX 1660 Ti: ,GPU [#1]: NVIDIA GeForce GTX 1660 Ti: ,GPU [#1]: NVIDIA GeForce GTX 1660 Ti: ,GPU [#1]: NVIDIA GeForce GTX 1660 Ti: ,GPU [#1]: NVIDIA GeForce GTX 1660 Ti: ,GPU [#1]: NVIDIA GeForce GTX 1660 Ti: ,GPU [#1]: NVIDIA GeForce GTX 1660 Ti: ,GPU [#1]: NVIDIA GeForce GTX 1660 Ti: ,GPU [#1]: NVIDIA GeForce GTX 1660 Ti: ,GPU [#1]: NVIDIA GeForce GTX 1660 Ti: ,GPU [#1]: NVIDIA GeForce GTX 1660 Ti: ,GPU [#1]: NVIDIA GeForce GTX 1660 Ti: ,GPU [#1]: NVIDIA GeForce GTX 1660 Ti: ,GPU [#1]: NVIDIA GeForce GTX 1660 Ti: ,GPU [#1]: NVIDIA GeForce GTX 1660 Ti: ,GPU [#1]: NVIDIA GeForce GTX 1660 Ti: ,GPU [#1]: NVIDIA GeForce GTX 1660 Ti: ,GPU [#1]: NVIDIA GeForce GTX 1660 Ti: ,GPU [#1]: NVIDIA GeForce GTX 1660 Ti: ,GPU [#1]: NVIDIA GeForce GTX 1660 Ti: ,GPU [#1]: NVIDIA GeForce GTX 1660 Ti: ,GPU [#1]: NVIDIA GeForce GTX 1660 Ti: ,GPU [#1]: NVIDIA GeForce GTX 1660 Ti: ,GPU [#1]: NVIDIA GeForce GTX 1660 Ti: ,GPU [#1]: NVIDIA GeForce GTX 1660 Ti: ,GPU [#1]: NVIDIA GeForce GTX 1660 Ti: ,GPU [#1]: NVIDIA GeForce GTX 1660 Ti: ,GPU [#1]: NVIDIA GeForce GTX 1660 Ti: ,GPU [#1]: NVIDIA GeForce GTX 1660 Ti: ,Battery: ASUSTeK ASUS Battery,Battery: ASUSTeK ASUS Battery,Battery: ASUSTeK ASUS Battery,Battery: ASUSTeK ASUS Battery,RTSS,RTSS,RTSS,Network: Intel Wireless-AC 9560 160MHz,Network: Intel Wireless-AC 9560 160MHz,Network: Intel Wireless-AC 9560 160MHz,Network: Intel Wireless-AC 9560 160MHz,Network: RealTek Semiconductor RTL8168/8111 PCI-E Gigabit Ethernet NIC,Network: RealTek Semiconductor RTL8168/8111 PCI-E Gigabit Ethernet NIC,Network: RealTek Semiconductor RTL8168/8111 PCI-E Gigabit Ethernet NIC,Network: RealTek Semiconductor RTL8168/8111 PCI-E Gigabit Ethernet NIC,Windows Hardware Errors (WHEA),CPU [#0]: Intel Core i5-9300H: Enhanced,CPU [#0]: Intel Core i5-9300H: Enhanced,CPU [#0]: Intel Core i5-9300H: Enhanced,Battery: ASUSTeK ASUS Battery,Battery: ASUSTeK ASUS Battery,
